<code_scheme name="Default" version="173">
  <Objective-C>
    <option name="NAMESPACE_BRACE_PLACEMENT" value="2" />
    <option name="FUNCTION_BRACE_PLACEMENT" value="2" />
    <option name="BLOCK_BRACE_PLACEMENT" value="3" />
    <option name="FUNCTION_PARAMETERS_WRAP" value="2" />
    <option name="FUNCTION_PARAMETERS_ALIGN_MULTILINE_PARS" value="true" />
    <option name="FUNCTION_PARAMETERS_COMMA_ON_NEXT_LINE" value="true" />
    <option name="LAMBDA_CAPTURE_LIST_WRAP" value="5" />
    <option name="LAMBDA_CAPTURE_LIST_ALIGN_MULTILINE" value="true" />
    <option name="LAMBDA_CAPTURE_LIST_ALIGN_MULTILINE_BRACKET" value="true" />
    <option name="LAMBDA_CAPTURE_LIST_COMMA_ON_NEXT_LINE" value="true" />
    <option name="FUNCTION_CALL_ARGUMENTS_WRAP" value="5" />
    <option name="FUNCTION_CALL_ARGUMENTS_ALIGN_MULTILINE_PARS" value="true" />
    <option name="FUNCTION_CALL_ARGUMENTS_COMMA_ON_NEXT_LINE" value="true" />
    <option name="SHIFT_OPERATION_WRAP" value="5" />
    <option name="TEMPLATE_PARAMETERS_WRAP" value="5" />
    <option name="TEMPLATE_PARAMETERS_ALIGN_MULTILINE" value="true" />
    <option name="TEMPLATE_PARAMETERS_ALIGN_MULTILINE_PARS" value="true" />
    <option name="TEMPLATE_PARAMETERS_COMMA_ON_NEXT_LINE" value="true" />
    <option name="TEMPLATE_CALL_ARGUMENTS_WRAP" value="5" />
    <option name="TEMPLATE_CALL_ARGUMENTS_ALIGN_MULTILINE" value="true" />
    <option name="TEMPLATE_CALL_ARGUMENTS_ALIGN_MULTILINE_PARS" value="true" />
    <option name="TEMPLATE_CALL_ARGUMENTS_COMMA_ON_NEXT_LINE" value="true" />
    <option name="CLASS_CONSTRUCTOR_INIT_LIST_WRAP" value="5" />
    <option name="CLASS_CONSTRUCTOR_INIT_LIST_COMMA_ON_NEXT_LINE" value="true" />
    <option name="CLASS_CONSTRUCTOR_INIT_LIST_NEW_LINE_BEFORE_COLON" value="1" />
    <option name="SUPERCLASS_LIST_WRAP" value="2" />
    <option name="SUPERCLASS_LIST_COMMA_ON_NEXT_LINE" value="true" />
    <option name="SUPERCLASS_LIST_BEFORE_COLON" value="1" />
    <option name="ARRAY_INITIALIZER_COMMA_ON_NEXT_LINE" value="true" />
    <option name="ENUM_CONSTANTS_COMMA_ON_NEXT_LINE" value="true" />
  </Objective-C>
  <codeStyleSettings language="ObjectiveC">
    <option name="BRACE_STYLE" value="2" />
    <option name="CLASS_BRACE_STYLE" value="2" />
    <option name="ELSE_ON_NEW_LINE" value="true" />
    <option name="WHILE_ON_NEW_LINE" value="true" />
    <option name="CATCH_ON_NEW_LINE" value="true" />
    <option name="ALIGN_MULTILINE_CHAINED_METHODS" value="true" />
    <option name="ALIGN_GROUP_FIELD_DECLARATIONS" value="true" />
    <option name="METHOD_CALL_CHAIN_WRAP" value="5" />
    <option name="BINARY_OPERATION_WRAP" value="5" />
    <option name="TERNARY_OPERATION_WRAP" value="5" />
    <option name="ARRAY_INITIALIZER_WRAP" value="5" />
    <option name="ASSIGNMENT_WRAP" value="5" />
    <option name="IF_BRACE_FORCE" value="3" />
    <option name="DOWHILE_BRACE_FORCE" value="3" />
    <option name="WHILE_BRACE_FORCE" value="3" />
    <option name="FOR_BRACE_FORCE" value="3" />
    <option name="WRAP_ON_TYPING" value="0" />
  </codeStyleSettings>
</code_scheme>