<code_scheme name="Default copy" version="173">
  <Objective-C>
    <option name="INDENT_DIRECTIVE_AS_CODE" value="true" />
    <option name="NAMESPACE_BRACE_PLACEMENT" value="2" />
    <option name="FUNCTION_BRACE_PLACEMENT" value="2" />
    <option name="BLOCK_BRACE_PLACEMENT" value="3" />
    <option name="FUNCTION_PARAMETERS_WRAP" value="2" />
    <option name="FUNCTION_PARAMETERS_ALIGN_MULTILINE_PARS" value="true" />
    <option name="FUNCTION_PARAMETERS_COMMA_ON_NEXT_LINE" value="true" />
    <option name="LAMBDA_CAPTURE_LIST_WRAP" value="5" />
    <option name="LAMBDA_CAPTURE_LIST_ALIGN_MULTILINE" value="true" />
    <option name="LAMBDA_CAPTURE_LIST_ALIGN_MULTILINE_BRACKET" value="true" />
    <option name="LAMBDA_CAPTURE_LIST_COMMA_ON_NEXT_LINE" value="true" />
    <option name="FUNCTION_CALL_ARGUMENTS_WRAP" value="5" />
    <option name="FUNCTION_CALL_ARGUMENTS_ALIGN_MULTILINE_PARS" value="true" />
    <option name="FUNCTION_CALL_ARGUMENTS_COMMA_ON_NEXT_LINE" value="true" />
    <option name="SHIFT_OPERATION_WRAP" value="5" />
    <option name="TEMPLATE_PARAMETERS_WRAP" value="5" />
    <option name="TEMPLATE_PARAMETERS_ALIGN_MULTILINE" value="true" />
    <option name="TEMPLATE_PARAMETERS_ALIGN_MULTILINE_PARS" value="true" />
    <option name="TEMPLATE_PARAMETERS_COMMA_ON_NEXT_LINE" value="true" />
    <option name="TEMPLATE_CALL_ARGUMENTS_WRAP" value="5" />
    <option name="TEMPLATE_CALL_ARGUMENTS_ALIGN_MULTILINE" value="true" />
    <option name="TEMPLATE_CALL_ARGUMENTS_ALIGN_MULTILINE_PARS" value="true" />
    <option name="TEMPLATE_CALL_ARGUMENTS_COMMA_ON_NEXT_LINE" value="true" />
    <option name="CLASS_CONSTRUCTOR_INIT_LIST_WRAP" value="5" />
    <option name="CLASS_CONSTRUCTOR_INIT_LIST_COMMA_ON_NEXT_LINE" value="true" />
    <option name="CLASS_CONSTRUCTOR_INIT_LIST_NEW_LINE_BEFORE_COLON" value="1" />
    <option name="SUPERCLASS_LIST_WRAP" value="2" />
    <option name="SUPERCLASS_LIST_COMMA_ON_NEXT_LINE" value="true" />
    <option name="SUPERCLASS_LIST_BEFORE_COLON" value="1" />
    <option name="ARRAY_INITIALIZER_COMMA_ON_NEXT_LINE" value="true" />
    <option name="ENUM_CONSTANTS_COMMA_ON_NEXT_LINE" value="true" />
    <option name="ADD_BRIEF_TAG" value="true" />
    <option name="TAG_PREFIX_OF_LINE_COMMENT" value="AT" />
    <option name="TYPE_QUALIFIERS_PLACEMENT" value="AFTER" />
    <option name="HEADER_GUARD_STYLE_PATTERN" value="__${PROJECT_NAME}_${FILE_NAME}_${EXT}__" />
  </Objective-C>
  <Objective-C-extensions>
    <option name="TAG_PREFIX_OF_LINE_COMMENT" value="AT" />
    <option name="TYPE_QUALIFIERS_PLACEMENT" value="AFTER" />
    <file>
      <option name="com.jetbrains.cidr.lang.util.OCDeclarationKind" value="Import" />
      <option name="com.jetbrains.cidr.lang.util.OCDeclarationKind" value="Macro" />
      <option name="com.jetbrains.cidr.lang.util.OCDeclarationKind" value="Typedef" />
      <option name="com.jetbrains.cidr.lang.util.OCDeclarationKind" value="Constant" />
      <option name="com.jetbrains.cidr.lang.util.OCDeclarationKind" value="Global" />
      <option name="com.jetbrains.cidr.lang.util.OCDeclarationKind" value="Enum" />
      <option name="com.jetbrains.cidr.lang.util.OCDeclarationKind" value="Struct" />
      <option name="com.jetbrains.cidr.lang.util.OCDeclarationKind" value="FunctionPredecl" />
      <option name="com.jetbrains.cidr.lang.util.OCDeclarationKind" value="Function" />
    </file>
    <extensions>
      <pair source="cpp" header="h" fileNamingConvention="LOWERCASE" />
      <pair source="c" header="h" fileNamingConvention="LOWERCASE" />
      <pair source="cu" header="cuh" fileNamingConvention="LOWERCASE" />
    </extensions>
    <rules>
      <rule entity="NAMESPACE" visibility="ANY" specifier="ANY" prefix="" style="CAMEL_CASE" suffix="" />
      <rule entity="MACRO" visibility="ANY" specifier="ANY" prefix="" style="SCREAMING_SNAKE_CASE" suffix="" />
      <rule entity="CLASS" visibility="ANY" specifier="ANY" prefix="C" style="PASCAL_CASE" suffix="" />
      <rule entity="STRUCT" visibility="ANY" specifier="ANY" prefix="S" style="PASCAL_CASE" suffix="" />
      <rule entity="ENUM" visibility="ANY" specifier="ANY" prefix="E" style="PASCAL_CASE" suffix="" />
      <rule entity="ENUMERATOR" visibility="ANY" specifier="ANY" prefix="" style="PASCAL_CASE" suffix="" />
      <rule entity="TYPEDEF" visibility="ANY" specifier="ANY" prefix="" style="PASCAL_CASE" suffix="_t" />
      <rule entity="UNION" visibility="ANY" specifier="ANY" prefix="U" style="PASCAL_CASE" suffix="" />
      <rule entity="CLASS_MEMBER_FUNCTION" visibility="ANY" specifier="ANY" prefix="" style="CAMEL_CASE" suffix="" />
      <rule entity="CLASS_MEMBER_FIELD" visibility="ANY" specifier="ANY" prefix="m" style="PASCAL_CASE" suffix="" />
      <rule entity="CLASS_MEMBER_FIELD" visibility="ANY" specifier="STATIC" prefix="s" style="PASCAL_CASE" suffix="" />
      <rule entity="STRUCT_MEMBER_FIELD" visibility="PROTECTED,PRIVATE" specifier="ANY" prefix="m" style="CAMEL_CASE" suffix="" />
      <rule entity="STRUCT_MEMBER_FIELD" visibility="ANY" specifier="STATIC" prefix="s" style="CAMEL_CASE" suffix="" />
      <rule entity="GLOBAL_VARIABLE" visibility="ANY" specifier="ANY" prefix="g" style="PASCAL_CASE" suffix="" />
      <rule entity="GLOBAL_VARIABLE" visibility="ANY" specifier="STATIC" prefix="gs" style="PASCAL_CASE" suffix="" />
      <rule entity="LOCAL_VARIABLE" visibility="ANY" specifier="ANY" prefix="" style="CAMEL_CASE" suffix="" />
      <rule entity="LOCAL_VARIABLE" visibility="ANY" specifier="STATIC" prefix="s" style="CAMEL_CASE" suffix="" />
      <rule entity="GLOBAL_FUNCTION" visibility="ANY" specifier="ANY" prefix="" style="CAMEL_CASE" suffix="" />
      <rule entity="STRUCT_MEMBER_FUNCTION" visibility="ANY" specifier="ANY" prefix="" style="CAMEL_CASE" suffix="" />
      <rule entity="GLOBAL_VARIABLE" visibility="ANY" specifier="STATIC" prefix="s" style="PASCAL_CASE" suffix="" />
      <rule entity="STRUCT_MEMBER_FIELD" visibility="PUBLIC" specifier="ANY" prefix="" style="CAMEL_CASE" suffix="" />
      <rule entity="PARAMETER" visibility="ANY" specifier="ANY" prefix="a" style="CAMEL_CASE" suffix="" />
    </rules>
  </Objective-C-extensions>
  <codeStyleSettings language="ObjectiveC">
    <option name="BRACE_STYLE" value="2" />
    <option name="CLASS_BRACE_STYLE" value="2" />
    <option name="ELSE_ON_NEW_LINE" value="true" />
    <option name="WHILE_ON_NEW_LINE" value="true" />
    <option name="CATCH_ON_NEW_LINE" value="true" />
    <option name="ALIGN_MULTILINE_CHAINED_METHODS" value="true" />
    <option name="ALIGN_GROUP_FIELD_DECLARATIONS" value="true" />
    <option name="METHOD_CALL_CHAIN_WRAP" value="5" />
    <option name="BINARY_OPERATION_WRAP" value="5" />
    <option name="TERNARY_OPERATION_WRAP" value="5" />
    <option name="ARRAY_INITIALIZER_WRAP" value="5" />
    <option name="ASSIGNMENT_WRAP" value="5" />
    <option name="IF_BRACE_FORCE" value="3" />
    <option name="DOWHILE_BRACE_FORCE" value="3" />
    <option name="WHILE_BRACE_FORCE" value="3" />
    <option name="FOR_BRACE_FORCE" value="3" />
    <option name="WRAP_ON_TYPING" value="0" />
  </codeStyleSettings>
</code_scheme>